branch	sha	pr_state
chore/baseline-station-index-repin	bf0285dcd172ce03b6b94fc3e7aee9560890bb8c	MERGED
chore/bound-testcontainers	fc1c8cbe49789d964b148bfd94b92f8e056c61a2	MERGED
chore/changelog-ci-floor	aa041fb5e7794711c58246b696a33d89331e635a	MERGED
chore/cut-nats-broker	eadd1faa7a6411bace4481b195e506be5d3074e5	MERGED
chore/npm-audit-browserslist	886c03b4459152d3e34d80d0be63b5435c30f19d	MERGED
chore/purge-wsl-linux-leftovers	20388845e7bb562f3ec52519d0f66cd46bee0161	MERGED
chore/purge-wsl-linux-leftovers-wave2	219c72830532cc499cb3c76706157b175d18fc61	MERGED
chore/reconcile-version-to-beta1	164e6c4feaabb6ccd7e1cec0f0296ac587b82731	CLOSED
chore/release-beta5-identity	59d7b26869087bd727d4756c0fb6f8170a6e9070	MERGED
chore/release-beta6-identity	0c0357d5a16414a88e3e1f414dc8c72dc876ae32	MERGED
chore/remove-legacy-rung-release-gate	a997b2c3c827dd8415bcacbf158264e5f7a72993	MERGED
chore/remove-sigstore-requirements	7006a456324c4ddb618c19c933383c07679103cf	MERGED
chore/retire-wsl-lane	624863babe3026838008c2b05d8505f752731b3b	MERGED
chore/retire-wsl-relics	076e90ac35f9bf5f9e0ba430a84b8199d3424557	MERGED
chore/retire-wsl-version-single-source	a5eb1d4f8015ed21e646722905812646d26caa26	MERGED
chore/self-hosted-build-no-binary-artifacts	458b3e1524d57d5bdb7b861bc2e15bc9b26513cf	MERGED
ci/apt-prereqs-no-flake	e63892790aa1f8caa57ad08daa6a0f2062713d8e	MERGED
ci/spare-pinned-baseline-kit	ff388940c32dff630cac1f9fbdabea8d0b2f4acd	MERGED
docs/beta1-upgrade-wording	6b4f7c51d6fd9e66ee20670345d0e27b08fed7fb	MERGED
docs/beta4-known-issue-correction	6754ee965c2b84fe1f457a00e65d1b9ddac955c8	MERGED
docs/beta4-known-issue-root-cause	a04d85030ddceb93325563251463d4a46901084e	MERGED
docs/beta5-lpm-field-release-20260908	f6adae2633478ec35c76e637b9995cb91c6e0625	MERGED
docs/candidate-artifacts-not-private	02e749159d786a849dc286bce9f283b6a08bbe8b	MERGED
docs/front-door-beta-line	2c74e4f9eebbe369ff8e15d1d22767bc3dec78bb	MERGED
docs/install-helper-prompt	1efe1bf4a92262f5ce11615e4481647e0afcfad1	MERGED
docs/install-helper-screen-names	fd645634a10bd99c63b1915a84b767c04bd72d52	MERGED
docs/live-readme-preflight-postures	abfec1b9a4d53acb57d14488ad6efd694c440c35	MERGED
docs/release-beta4	8a4d7e0f93c481a2958b53cadb6b3a67b562ba28	MERGED
docs/release-beta5	cd50c3d435076d909ecd600e2c1d71aeaf2b0cf0	MERGED
docs/release-truth-beta3	ee6a914d459b5d8bb106b5548f34e0393271f380	MERGED
docs/status-handoff-2026-09-10	ee455b5851983b1a71b9d8d99ae089d10b1ffa36	MERGED
docs/status-not-done-block	2b2da25946c5b4ecf9db0e7aff9c3db2b8d2f987	CLOSED
feat/agenda-import-js-portals	119f14335fa3283dd0e1e492c76d6b40cc8a85b0	MERGED
feat/assets-upload-watchfolder-caption-copy	b5ee9c55986a38ad8f78b5397a781890c2bc1b93	MERGED
feat/beta-candidate-release-publisher	540692729ac59d7efd6edb644a150e3a3e17a1b6	MERGED
feat/caption-tap-off-switch-item91	ad371536f22fa85744a8f017de328e92ab68978a	MERGED
feat/cea708-decode-back	acb2627107db2a408f3880beb2533d465f50c5a4	MERGED
feat/cg-feeds-from-station-config	ab534cc5afe9d44cc3042a58527e59de39cef72b	MERGED
feat/engine-graphics-overlay	c77c2835737a89be5fcbb914bdbadd92a3453945	CLOSED
feat/gate-a-download-only-lane	ccb5f3baf8e4599cfea9cee1f7882bd7205f6682	MERGED
feat/gate-a-remnant-lane	c7373dea3ed5ae0eca686419f69923c1a791f7fe	CLOSED
feat/gate-a-station-acceptance	5e6e60f856be6c4535e8c40b637713f3bd9316c1	MERGED
feat/gate-b-reboot-soak	8dbdfdd23c991f87a9e6dccebe838a16a180b76c	MERGED
feat/gstreamer-default-engine	75db43827ddc01f164a7448cb65e6f0fe80ddbac	MERGED
feat/in-product-manual	4f0eda327f1ca18da3bc61e61dadf49d3c8850ba	MERGED
feat/installer-embeds-station-index	cde4e287b62e713be52ebd84ff9fda2a086cb797	MERGED
feat/live-source-observed-readiness	4bbc360b59bfaff4d6525569c034750d671282bc	MERGED
feat/operator-first-run-funnel-copy	c4c07e1e3f50019a28dba56809bca10dda5580c0	MERGED
feat/operator-graphics-control	a3882fae7a6bb4576d819a17d4d76ec68b1d95dc	CLOSED
feat/operator-quickstart-first-run	0b87fbf74bf56a6f9720e925be7e8c96cc35e3a6	MERGED
feat/publish-provider-readiness	2c5d3afb7c7b8439fbb9989ad32b43ff911643a1	MERGED
feat/recorded-spanish-captions-integration	b726202f711adade6bd56937edc27ce99cea09f8	MERGED
feat/retention-value-unit-forever	a0e396b613961aaeb6fa9ce04448cb9b268224d6	MERGED
feat/s1-station-profile-s3-commissioning	82a69667f4562cbc461730cb8fa3264f80a928b7	MERGED
feat/s12-ott-ci-builds	b0925124f55df721942897927bd12b0605920ad6	MERGED
feat/s14-analytics-durable	09f5bf77c9ab5a41c544fd526401c542e390ce47	MERGED
feat/s7-media-lifecycle	cf7e69070e5482105030146eeb60061685db0eb1	MERGED
feat/sandbox-soak-lane	e8983ec527ddd3ed960a2f38f54605c6cb322d3d	MERGED
feat/sandbox-soak-lane-a	9468c0ca73b1899cecee5d185748fe0a4db80ed7	MERGED
feat/sandbox-soak-lane-b	3caf0c35534bc2eeb61b0c5d134a29dbff5bac56	MERGED
feat/sandbox-soak-lane-c	599794fda8d69b507ea189ff5fbd68063c4beba7	MERGED
feat/sandbox-soak-lane-d	3e9a71520a600720d5176f00d2c9c1da5931696e	MERGED
feat/scheduled-sdi-hdmi-input-presets	457ded302fe2618996a3b3ef43eba3103a30454b	MERGED
feat/seamless-reload-default-on	cba6b360192739af81abc116c1b468d353244094	MERGED
feat/stage-cg-lite-plugins	2c4f338e7a287c766fb9989a2573bcda95022564	CLOSED
feat/station-models-reuse-across-versions	1af7cf8870c847bad2cba8746b54314db6b72de7	MERGED
feat/subscriber-sends-coming-soon	f83ee9a29262c2867ae1513ff145befc5ad84ab1	MERGED
fix/activation-receipt-adopted-tier	2d6c4b1a805d598a37a1305699a926193ad9f809	MERGED
fix/ai-summary-cpu-generation	9f2c55661f997a0b236e07526cbb4bc90f7f057f	MERGED
fix/asrun-durable-outbox	776501ee5d4c99002b964a559f21cbece5a3a2ac	MERGED
fix/asset-package-timeout-regression	20b50ea3e7474401035a17a2ab2e2cc655b5c608	MERGED
fix/assets-readiness-and-upload-ux	aa9b761d4ff29427e29cc1b97603992e5dfd7272	MERGED
fix/auth-day-one-lockout	5a53c826e461456dbafc58cc636a1db8fd0975a8	MERGED
fix/auth-recovery-lockout	adc003da7c9a4e0b5752f68f65eac3b9f370b187	MERGED
fix/beta-harness-auth-20260911	db4e4449d45c0135df18c550f6565f719bf99ec4	MERGED
fix/beta5-continuous-playout-20260908	be1260bd0630261c571e3adf5aac6a6cbebd9e3a	MERGED
fix/beta5-lpm-release-20260908	ed749e76af5b9d465097593904402b5f6246ef37	MERGED
fix/beta5-native-reload-deadlock-20260908	8dd3ddb2f3aca57350e56bf04533bd64ab88c55b	MERGED
fix/beta5-publisher-trust-copy-20260908	7ef51a2fa6d40d54619803667eef0cefe9bfe67f	MERGED
fix/beta7-immediate-finite-reload-error	bc3a04205e620d95ff50cfe2de918ee20f62020d	MERGED
fix/beta7-quiescence-deadlock	45c720e87839a1a79f041d372814b3de93b86623	MERGED
fix/beta7-retirement-flush-deadlock	6346224a13c86d0ff1909ed10bfa7442beeafd66	MERGED
fix/beta7-stale-horizon-reload	41428d62c9738b5b5ffbbfc8c2e36d090baa1e06	MERGED
fix/beta7-win-cache-trace	3b2e8568d1c26872a3deca93a78a67a1e6ede6bf	MERGED
fix/bl01-restore-seam-ci	eb4a2ab23520e3dcf3dd404676a798f6d3efcb8c	MERGED
fix/blackwell-caption-runtime	90b1351519f6a203dc2cc239e63232b05cf2b498	MERGED
fix/bundled-gst-missing-plugins	eeeb7d914044194d4786e77f5ce4997a595888da	CLOSED
fix/caption-review-sort-tie-item92	81e9e1192c116cc65b606711bd1aa1bad2756119	MERGED
fix/caption-tap-caps-item79	2c5bf47f92470ae7d34117908eb5233d5a766c38	MERGED
fix/caption-tap-leg-item88	4ba8e4b424d6feb903979a13495562f12963e4e2	MERGED
fix/caption-tap-overload-starves-playout	eda00c3555ca7c4a1634f336cccc224599260ebf	MERGED
fix/captions-cuda-three-channel-throughput	ab581697b55b0830d76f421f3175f6900ca70394	MERGED
fix/card-signed-installer	9d0440fa14e7d520b6ea0d4133ebf99fc33b4212	MERGED
fix/cg-board-empty-404	68b18832c6cdf20cbb82b54bfe023b7867ce3f1a	CLOSED
fix/commit-to-air-schedule-visibility	f4cf823e88fa81bef0bc65bb791eae846db1378d	MERGED
fix/component-acquisition-receipt-wipe	784d079a49d54cc70d04c29a1328752a8e7e1528	MERGED
fix/confirm-destructive-ops	e6cc9cd70b29832b181d2e03425854b308e3ba0e	MERGED
fix/confirm-remaining-destructive-actions	3467bfa970e187aba4697b36ed2b11a1957a4600	CLOSED
fix/contribute-decline-race-and-stale-test	be1be51567b3e525e29fc936c988c6395045d89c	CLOSED
fix/contribute-decline-schedule-race	6117c7091eb567d1198f7dde9dabe85780da26d5	CLOSED
fix/contribute-test-helper	dc583aeeaeb6e227e6e4d03af27f5de975d4f3e7	MERGED
fix/contribute-upload-ref-privacy-leak	c6ca0b7ec6304b9aa6beaa69980f4a873e5ba819	MERGED
fix/contributor-accept-schedule-ingest	943969a58b3c09a051600716641f2e626e63d850	MERGED
fix/contributor-accept-to-airable-asset	dd90a8faba4061dea86330fa64f50e4e128d6d9a	CLOSED
fix/d3-preupgrade-drill-and-rollback-containment	55de9b6e101bd950f2d0b867b344193157c1a7f8	MERGED
fix/designed-empty-states	fc55725bba2581c0f580604c1c0a05c7892ea993	MERGED
fix/e2e-specs-for-new-confirm-dialogs	5cada0e90c2509d8d4306e9099424d5b0d2b75a6	MERGED
fix/egress-engine-visibility	72d593de85cd11d2ecc1012865d6360b7a0c2030	MERGED
fix/egress-fallback-slate-and-hls-health	0e059775c28a5b9da40aad9a39e72ce294f95bec	CLOSED
fix/egress-hls-sink-command-queue	6272de259a3dd2605eaf5d04cb35ad2b3cb6eb9c	MERGED
fix/egress-seamless-plan-rollover	cdcd26755709f34db6eda880fc48018bdbed87bc	MERGED
fix/f1-reload-readiness-20260910	4841faa6067173d6378adaf968c9a0049525d7c5	MERGED
fix/f1-stall-recovery-20260912	8ef08447fd69e5a20d0b41cb2548fafe0b8a39b4	MERGED
fix/facility-router-channel-selection	45966103a8819abe452264be949755d6b6768104	MERGED
fix/first-output-watchdog-item84	08373dd8f37dd3fa73e349ef5f69e2b080a47589	MERGED
fix/first-setup-recovery-kit-signout-autofill	7557bbd8e6870b97c992ef8845d3bf3782ed23cd	MERGED
fix/fresh-install-alerting	c5130c94fd505547f0fec9024a5d06d9529634fe	MERGED
fix/gate-a-cross-version-upgrade	ebc86b6f2cf8ab9aabcd96f3d1461648bbb1502f	MERGED
fix/gate-a-dburl-registry-key	76b96cc899bc88f6b6ca5b07f670bd6bd8f7a9b5	MERGED
fix/gate-a-hoststore-wedge	8c633522324cdbed18bb4e10eb6fdaefb691fd86	MERGED
fix/gate-a-mapped-folder-stalls	9fe84ff19b274ad6216cd6aa8754c7d21e036ea1	MERGED
fix/gate-a-psql-arg-quoting	efc3e2e5323198cdcc06b2de5a55ef4c7e07004d	MERGED
fix/gate-a-psql-schema-fallback	cd57fb3a3b55bc21d7b4641faf6818ce8001f420	MERGED
fix/gate-a-run7-findings	e0b5c7be83fa601ead4cbcdeff5d639a827f08d7	MERGED
fix/gate-a-sandbox-busy-guard	8514ac05fdda79fc541e242c22b4343c77ec75f3	MERGED
fix/gate-a-station-up-wait-and-log-capture	9751d01bd54e135e1aeb66bc176864d471716594	MERGED
fix/gate-a-summary-json-explosion	2f9b44c7c4286532db165b0e3882778d554252f2	MERGED
fix/gate-a-tsp-exit-code	487072b2d9af1c1818543c1c7eb9a6c400f7366b	MERGED
fix/gate-a-verdict-artifact-build-run-id	f28538dc78d050edabdf0acdb8898633d6238454	MERGED
fix/go-on-air-source-probe	98eb4f001e54f095f49efaea93ad6e7e817d21de	MERGED
fix/graphics-banner-png-cleanup	1ce6a4de32e62cd401d6b0995b7b790d12361325	CLOSED
fix/gst-engine-emits-ts	27f2e58522ba813f6cca9232f3167e198aec808a	MERGED
fix/gst-reload-concat-collision	fc0f29b85d7983a9ede97177ed56351ba4c91538	MERGED
fix/gst-worker-runtime-death	bdfff942e74ef59f6c2622c0323c279e74f74d20	MERGED
fix/gstreamer-runtime-detection	8287298968979087bb474f186da789533a06e841	MERGED
fix/health-readiness-order-independence	b9920e48cdc8a8a16f7b9f42042b6ed01a7c0eb0	MERGED
fix/hermetic-guard-no-mutmut	2b247b0e7c9c077389801eeb102e9ad79e57f1e3	MERGED
fix/installer-upgrade-batch-2026-09-03	cbe001495dc2fe4de055560740b9fe28df1d8c91	MERGED
fix/isolate-native-build-probe-20260908	4aa76d7f266148ccdb23d16a2bbb37fe866d804f	MERGED
fix/live-captions-default-off	cfa43f5692e06875a53af9af2116e5c5ea4dab98	MERGED
fix/live-captions-on-banner-note	5e71d15ed8259c60ff5866fe9a933984c1b1e096	MERGED
fix/live-ingest-plan-source-wiring	61fa8c09c41d13cebf486fbdfa5b8f3c6d42bcb2	MERGED
fix/media-lifecycle-router-security	3a73f4b6e96c4b49cf28a7fbb36e2a46dfa4bd7c	MERGED
fix/operator-session-revoke-and-recovery-kit-regen	faba26da92bf35bd47b0380ec32d0be289b10fb2	CLOSED
fix/orphan-tier-warning-visibility	f109ec0fdd151ed5b9488975c4cc660ca0dcd540	CLOSED
fix/ott-tizen-real-package	92efd5f57f862fa11d057ad5ac520b5270a60dae	MERGED
fix/pack-staging-identity-not-version-string	3e7a9cb04d1e00276f3c5ff5db8caa828f43721b	MERGED
fix/pip-audit-nltk	fefe5a7952f896aa86ceaeb2693bd4d92ff01c42	MERGED
fix/plan-window-and-slot-duration	6ea7aaa089079339299e6f6af7a3cbf90d9f58a8	MERGED
fix/plan-window-decoder-blowup	de54f9d190f3ddf9e625b017052c823f6adad124	MERGED
fix/portal-live-follows-egress-and-hls-truth	b7613b6135807fe9f58f0748f02a0776d00e2960	MERGED
fix/portal-operator-setup-playback-paywall-lifecycle-ux	8d905567d6a31a8945327e9f8cfb7f2dfe9084f7	CLOSED
fix/postgres-launcher-log-sharing	fb530c1005b05b5b922a2a85c8d2f63bd990cce1	MERGED
fix/preflight-probes-sample-rehearsal	004821fbeb1e75c3c566243285107d603617b067	MERGED
fix/preroll-timeout-item82	204b4da399f266d6653f19a7fb7e3d7eb510aa2e	MERGED
fix/product-holes-bundle	b3ac1bae3e25325b46ff5b3fac5eb9510309fdc6	MERGED
fix/provision-adopt-stale-journal	430d8e3b48ab041dca797c9053c6b19538c815c5	MERGED
fix/provision-journal-tolerant-of-legacy-fields	e2537f13a1747680a346175f61c937e862da4ad4	MERGED
fix/publish-default-portal-and-channel-honesty	6f5dbbfc8e9cdbd5b0f053de2808c97c8a1d7199	MERGED
fix/recording-shutdown-drain-jobobject	898924092e2427102b6453eb2b3a793d9fda424a	MERGED
fix/release-notes-body-bound	d7a7bba83f67ecb6053ffd17b4aa9cf405dcb50b	MERGED
fix/reload-commit-ordering-item85	e7a91b7716bc8dae3ebb2fce15d0ff953f70a2fa	MERGED
fix/rollover-engage	87a4b9dcc347fe96d73312b457d38634aacf2b95	CLOSED
fix/rollover-horizon-item78	508cc418a86dfae8bbd7bc9a9aca5f52e09fa48e	MERGED
fix/rollover-horizon-settling-race	961c552c0cf30d9b65d90e2774e884e22f3be78c	MERGED
fix/round3-remaining-confirm-gaps	c3fcf2f9b417b4261c3ec5553f391085ea8f25be	CLOSED
fix/runtime-ownership-claim-diagnosable	eed6e9cd02aad01355a365f982b238778386e26a	MERGED
fix/selector-name-collision-initial-build	05cddf215013c2cd00a4607e14dd9249de49e55e	MERGED
fix/self-hosted-lane-av-provenance	6ebe93b31a7a3f21855c1aff69fa6fa179ee5bbc	MERGED
fix/self-hosted-lane-av-wheel	f01435e995461791580ccbcbfd135a4633c88a1c	MERGED
fix/self-hosted-lane-dotnet-sdk	cd72a8dcc7950cf3d6003a1ce8739feb0a9ab6dc	MERGED
fix/self-hosted-lane-idempotent-scratch	f238b9b1a696bcc67267e6bc1e28a19ff4e1fdb1	MERGED
fix/self-hosted-lane-layer10	7c0f3fe2489c781a41eb719967a818fe54048807	MERGED
fix/self-hosted-lane-msys2-keyring	dd30f4397c75eb5bf60400827ea28e352e59b5e8	MERGED
fix/self-hosted-lane-python	34486502b085e9031e6dcfe3ed111b9b547fa8ee	MERGED
fix/service-removal-registry-teardown	50f4eaa679e9c1ae7d61f0399783b07d023fdf8d	CLOSED
fix/setup-api-no-secrets-unauthenticated	65abe7048040f04e397d80d162e2c4d0933a314f	MERGED
fix/slate-boundary-relaunch-not-stopped	233e8e185cca6031185c50dd4584eb7b3245c602	MERGED
fix/soak-install-bound-handoff-20260908	ca1ac6d2721dd51dbcee5a3d6966461f5bc3ff40	MERGED
fix/soak-tsduck-report-schema-20260908	aebf57d5f3e2eb54c3b1e1a14031d6e459ec164a	MERGED
fix/staff-token-fratricide	2d0cbc2b42249d56c758b2f003111b2dca607aa6	CLOSED
fix/start-path-conform-item66	dde290bf0462358437cdc6b1ef315ce3728f004d	MERGED
fix/state-write-encoding	759861c3215865bcc7a795e8807cd2a69de22978	MERGED
fix/station-timezone-propagation	2749842d9b59a69c981eb39291e286addcb8c491	MERGED
fix/tsduck-pack-config	ee46144672e622ca7442e2da0a1fe6e18bb4a690	MERGED
fix/ui-walkthrough-batch-2026-09-03	92d5fd867813a75f94c3627f651620e276de783e	MERGED
fix/ui-walkthrough-findings	d1d8530d464cbc37501ae017f4f3b31bd6688127	MERGED
fix/uninstaller-label-policy-phrase	47a197ef75301128e66ead3fb0a8d5fc2d312083	MERGED
fix/upgrade-provision-rc75	13171934b39ab4fd222156c15185af7078130dd2	MERGED
fix/webkit-caption-toggle-flake	39d20b4076dc32fda0259b42c36cf2739e00facd	MERGED
fix/wp11-operator-quality	68bc35649137a5bd1e66566b6bc3fc2b0a79e597	MERGED
integration/board-demo-wave	f4c8f73cb93dca5d927e304fe774883cc2691a52	CLOSED
integration/fix-round-3	db432961352bb157d5a72286d8fdcbe27ae768b4	MERGED
integration/night-wave-v2	69e9a9936ef93ec0607d10a57a7b68568f1214af	CLOSED
integration/night-wave-v3	674a8c5b48e4fe385877970ad8876f6947a018e7	MERGED
integration/operator-graphics	18d71fdbf5507cfe6f6dd030ed0c1b2cfffc1d32	MERGED
perf/gate-a-parallel-artifact-download	b655fbc700ae18f699a762748bbf4af7afaddece	MERGED
perf/gate-a-reuse-local-staged-kit	071cb05b647cf36b4420652f5d162c22959eaebe	MERGED
perf/self-hosted-candidate-build	ff2ae88c905da047e62c3350bef6ba9280bb8a12	MERGED
release/beta8-candidate-identity	fe9e31bb107a01ecb79631394148a80e9a075d36	MERGED
release/prep-beta4	5a2372d8f08e5a5218dc60b050f04250cea4cb36	MERGED
release/repin-upgrade-baseline-beta2	09febdd797aad0a2afd78f8abe3b433e522a2258	MERGED
test/hermetic-app-factory-state	544c02c96ae0e961575daabfc60ba34fa1ef2737	MERGED
test/scheduled-recording-network-capture	873c6d3f1e3d49cb67e62e6157cd122739ea308e	CLOSED
worktree-agent-abb52585097146138	f6f17d329af4bf30ecb1f25e6f6e68f6224cb289	CLOSED
worktree-agent-afd5100f9c7aea8cb	5d0b15fda1747064db42dc402aedb773fa36a789	CLOSED
